Cereal Product ID,Cold,Calories,Protein,Fat,Sodium,Fiber,Sugar/ Carb Ratio,Potassium,Consumer Rating,American Cereal
1,1,23.1,1.32,0.33,42.9,3.3,0.545454545,92.4,68.402973,1
2,1,120,3,5,15,2,0.5,135,33.983679,1
3,1,23.1,1.32,0.33,85.8,2.97,0.416666667,105.6,59.425505,0
4,1,25,2,0,70,7,0,165,93.704912,0
5,1,82.5,1.5,1.5,150,0.75,0.363636364,0,34.384843,0
6,1,82.5,1.5,1.5,135,1.125,0.487804878,0,29.509541,0
7,1,110,2,0,125,1,0.56,30,33.174094,0
8,1,97.5,2.25,1.5,157.5,1.5,0.307692308,75,37.038562,0
9,1,60.3,1.34,0.67,134,2.68,0.285714286,83.75,49.120253,0
10,1,60.3,2.01,0,140.7,3.35,0.277777778,127.3,53.313813,1
11,1,90,0.75,1.5,165,0,0.5,26.25,18.042851,1
12,1,137.5,7.5,2.5,362.5,2.5,0.055555556,131.25,50.764999,0
13,1,90,0.75,2.25,157.5,0,0.409090909,33.75,19.823573,0
14,1,55,1.5,1,70,1,0.35,52.5,40.400208,0
15,1,110,1,1,180,0,0.52,55,22.736446,0
16,1,110,2,0,280,0,0.12,25,41.445019,0
17,1,100,2,0,290,1,0.086956522,35,45.863324,0
18,1,110,1,0,90,1,0.48,20,35.782791,0
19,1,110,1,1,180,0,0.52,65,22.396513,0
20,1,55,1.5,1.5,70,2,0.411764706,80,40.448772,0
21,0,100,3,0,80,1,0,0,64.533816,1
22,1,110,2,0,220,1,0.125,30,46.895644,0
23,1,75,1.5,0.75,105,1.5,0.476190476,90,36.176196,0
24,1,75,1.5,0,142.5,0.75,0.217391304,60,44.330856,0
25,1,110,2,1,125,1,0.541666667,30,32.207582,0
26,1,82.5,0.75,0,150,0.75,0.44,18.75,31.435973,0
27,1,80,2.4,0,0,2.4,0.333333333,80,58.345141,0
28,1,80.4,2.01,1.34,107.2,3.35,0.454545455,134,40.917047,1
29,1,80.4,2.01,0,160.8,3.35,0.461538462,127.3,41.015492,0
30,1,82.5,0.75,0.75,101.25,0,0.48,18.75,28.025765,1
31,1,88,1.76,0,39.6,0,0.576923077,35.2,35.252444,1
32,1,82.5,0.75,0.75,210,0,0.375,33.75,23.804043,0
33,1,88,2.64,0.88,123.2,2.64,0.25,74.8,52.076897,1
34,1,27.5,0.75,0,42.5,0.75,0.15,22.5,53.371007,1
35,1,39.6,0.99,0.99,24.75,0.99,0.235294118,33,45.811716,1
36,1,120,1,2,220,1,0.47826087,45,21.871292,1
37,1,82.5,2.25,0.75,187.5,1.125,0.465116279,67.5,31.072217,0
38,1,146.3,1.33,0,239.4,0,0.44,46.55,28.742414,1
39,1,110,2,1,170,1,0.260869565,60,36.523683,0
40,1,105,2.25,0.75,127.5,1.5,0.310344828,71.25,36.471512,0
41,1,165,3,1.5,390,0,0.125,60,39.241114,0
42,1,67,2.68,1.34,100.5,1.34,0.333333333,63.65,45.328074,1
43,1,110,2,1,180,0,0.5,55,26.734515,0
44,0,100,4,1,0,0,0.157894737,95,54.850917,0
45,1,150,4,3,95,3,0.407407407,170,37.136863,0
46,1,150,4,3,150,3,0.407407407,170,34.139765,0
47,1,107.2,2.01,1.34,100.5,2.01,0.433333333,107.2,30.313351,0
48,1,100,2,1,220,2,0.285714286,90,40.105965,0
49,1,80.4,1.34,0.67,127.3,0,0.375,26.8,29.924285,0
50,1,93.8,2.01,1.34,147.4,2.01,0.25,87.1,40.69232,0
51,1,90,3,0,170,3,0.1,90,59.642837,0
52,1,65,1.5,1,85,0.75,0.425531915,60,30.450843,0
53,1,80.4,2.01,0.67,134,4.02,0.56,174.2,37.840594,1
54,1,100,3,0,320,1,0.130434783,45,41.50354,0
55,1,50,1,0,0,0,0,15,60.756112,1
56,1,50,2,0,0,1,0,50,63.005645,1
57,1,50,2,0.5,67.5,1,0.3,55,49.511874,1
58,0,67,3.35,1.34,0,1.809,0.87,73.7,50.828392,1
59,1,90,2.25,0.75,157.5,3.75,0.461538462,180,39.259197,0
60,1,50,1.5,1,70,1.25,0.432432432,70,39.7034,0
61,1,45,1,0,0,1,0.285714286,55,55.333142,0
62,1,124.3,1.13,0,271.2,0,0.08,33.9,41.998933,0
63,1,110,2,0,290,0,0.12,35,40.560159,0
64,1,80,2,0,0,3,0,95,68.235885,1
65,1,60.3,2.01,0,0,2.68,0,93.8,74.472949,1
66,1,60.3,2.01,0,0,2.01,0,80.4,72.801787,1
67,1,82.5,1.5,0.75,52.5,0.75,0.625,30,31.230054,0
68,1,110,6,0,230,1,0.157894737,55,53.131324,0
69,1,90,2,0,15,3,0.25,90,59.363993,1
70,1,110,2,1,200,0,0.125,35,38.839746,0
71,1,140,3,1,190,4,0.482758621,230,28.592785,0
72,1,100,3,1,200,3,0.157894737,110,46.658844,0
73,1,82.5,1.5,0.75,187.5,0,0.125,45,39.106174,0
74,1,110,1,1,140,0,0.48,25,27.753301,0
75,1,67,2.01,0.67,154.1,2.01,0.15,77.05,49.787445,0
76,1,100,3,1,200,3,0.15,110,51.592193,0
77,1,82.5,1.5,0.75,150,0.75,0.333333333,45,36.187559,0
78,1,100,2,0,290,1,0.086956522,35,45.863324,0
79,1,105,2.25,0.75,127.5,1.5,0.310344828,71.25,36.471512,0
80,1,23.1,1.32,0.33,85.8,2.97,0.416666667,105.6,59.425505,0
81,1,82.5,0.75,0.75,101.25,0,0.48,18.75,28.025765,1
82,1,100,2,1,220,2,0.285714286,90,40.105965,0
83,1,90,0.75,1.5,165,0,0.5,26.25,18.042851,1
84,1,110,6,0,230,1,0.157894737,55,53.131324,0
85,1,60.3,2.01,0,0,2.01,0,80.4,72.801787,1
86,1,90,3,0,170,3,0.1,90,59.642837,0
87,1,75,1.5,0,142.5,0.75,0.217391304,60,44.330856,0
88,1,23.1,1.32,0.33,42.9,3.3,0.545454545,92.4,68.402973,1
89,1,65,1.5,1,85,0.75,0.425531915,60,30.450843,0
90,1,80,2,0,0,3,0,95,68.235885,1
91,1,110,2,0,280,0,0.12,25,41.445019,0
92,1,82.5,0.75,0.75,101.25,0,0.48,18.75,28.025765,1
93,1,80,2,0,0,3,0,95,68.235885,1
94,1,55,1.5,1,70,1,0.35,52.5,40.400208,0
95,1,150,4,3,150,3,0.407407407,170,34.139765,0
96,0,100,3,0,80,1,0,0,64.533816,1
97,1,80,2,0,0,3,0,95,68.235885,1
98,1,67,2.68,1.34,100.5,1.34,0.333333333,63.65,45.328074,1
99,1,27.5,0.75,0,42.5,0.75,0.15,22.5,53.371007,1
100,1,110,2,0,280,0,0.12,25,41.445019,0
101,1,124.3,1.13,0,271.2,0,0.08,33.9,41.998933,0
102,1,75,1.5,0.75,105,1.5,0.476190476,90,36.176196,0
103,1,110,1,1,140,0,0.48,25,27.753301,0
104,1,120,3,5,15,2,0.5,135,33.983679,1
105,1,75,1.5,0.75,105,1.5,0.476190476,90,36.176196,0
106,1,146.3,1.33,0,239.4,0,0.44,46.55,28.742414,1
107,1,165,3,1.5,390,0,0.125,60,39.241114,0
108,1,110,2,0,290,0,0.12,35,40.560159,0
109,1,110,6,0,230,1,0.157894737,55,53.131324,0
110,1,23.1,1.32,0.33,85.8,2.97,0.416666667,105.6,59.425505,0
111,1,50,1,0,0,0,0,15,60.756112,1
112,1,90,0.75,1.5,165,0,0.5,26.25,18.042851,1
113,1,60.3,1.34,0.67,134,2.68,0.285714286,83.75,49.120253,0
114,1,82.5,0.75,0.75,210,0,0.375,33.75,23.804043,0
115,1,97.5,2.25,1.5,157.5,1.5,0.307692308,75,37.038562,0
116,1,88,1.76,0,39.6,0,0.576923077,35.2,35.252444,1
117,1,110,6,0,230,1,0.157894737,55,53.131324,0
118,1,110,2,0,125,1,0.56,30,33.174094,0
119,1,88,1.76,0,39.6,0,0.576923077,35.2,35.252444,1
120,1,107.2,2.01,1.34,100.5,2.01,0.433333333,107.2,30.313351,0
121,1,82.5,0.75,0.75,101.25,0,0.48,18.75,28.025765,1
122,0,100,3,0,80,1,0,0,64.533816,1
123,1,110,1,1,140,0,0.48,25,27.753301,0
124,1,110,2,1,125,1,0.541666667,30,32.207582,0
125,1,110,1,1,180,0,0.52,55,22.736446,0
126,1,45,1,0,0,1,0.285714286,55,55.333142,0
127,1,100,2,1,220,2,0.285714286,90,40.105965,0
128,1,65,1.5,1,85,0.75,0.425531915,60,30.450843,0
129,1,150,4,3,95,3,0.407407407,170,37.136863,0
130,1,45,1,0,0,1,0.285714286,55,55.333142,0
131,1,140,3,1,190,4,0.482758621,230,28.592785,0
132,1,110,2,0,290,0,0.12,35,40.560159,0
133,1,45,1,0,0,1,0.285714286,55,55.333142,0
134,1,50,1,0,0,0,0,15,60.756112,1
135,1,110,2,0,220,1,0.125,30,46.895644,0
136,1,80.4,2.01,0.67,134,4.02,0.56,174.2,37.840594,1
137,1,80.4,2.01,0,160.8,3.35,0.461538462,127.3,41.015492,0
138,1,82.5,1.5,0.75,187.5,0,0.125,45,39.106174,0
139,1,110,2,0,220,1,0.125,30,46.895644,0
140,1,55,1.5,1,70,1,0.35,52.5,40.400208,0
141,1,27.5,0.75,0,42.5,0.75,0.15,22.5,53.371007,1
142,1,23.1,1.32,0.33,85.8,2.97,0.416666667,105.6,59.425505,0
143,1,90,2,0,15,3,0.25,90,59.363993,1
144,1,27.5,0.75,0,42.5,0.75,0.15,22.5,53.371007,1
145,1,100,3,1,200,3,0.157894737,110,46.658844,0
146,1,82.5,1.5,0.75,150,0.75,0.333333333,45,36.187559,0
147,1,60.3,2.01,0,140.7,3.35,0.277777778,127.3,53.313813,1
148,0,100,3,0,80,1,0,0,64.533816,1
149,1,23.1,1.32,0.33,85.8,2.97,0.416666667,105.6,59.425505,0
150,1,100,3,0,320,1,0.130434783,45,41.50354,0
151,1,110,2,1,180,0,0.5,55,26.734515,0
152,1,137.5,7.5,2.5,362.5,2.5,0.055555556,131.25,50.764999,0
153,1,90,3,0,170,3,0.1,90,59.642837,0
154,1,80,2.4,0,0,2.4,0.333333333,80,58.345141,0
155,1,80.4,2.01,1.34,107.2,3.35,0.454545455,134,40.917047,1
156,1,82.5,1.5,1.5,135,1.125,0.487804878,0,29.509541,0
157,1,146.3,1.33,0,239.4,0,0.44,46.55,28.742414,1
158,1,90,0.75,1.5,165,0,0.5,26.25,18.042851,1
159,1,110,6,0,230,1,0.157894737,55,53.131324,0
160,1,67,2.01,0.67,154.1,2.01,0.15,77.05,49.787445,0
161,1,90,0.75,2.25,157.5,0,0.409090909,33.75,19.823573,0
162,1,90,0.75,1.5,165,0,0.5,26.25,18.042851,1
163,1,88,1.76,0,39.6,0,0.576923077,35.2,35.252444,1
164,1,80.4,1.34,0.67,127.3,0,0.375,26.8,29.924285,0
165,1,39.6,0.99,0.99,24.75,0.99,0.235294118,33,45.811716,1
166,1,110,6,0,230,1,0.157894737,55,53.131324,0
167,1,80.4,2.01,0.67,134,4.02,0.56,174.2,37.840594,1
168,1,90,0.75,2.25,157.5,0,0.409090909,33.75,19.823573,0
169,1,110,2,0,280,0,0.12,25,41.445019,0
170,0,100,3,0,80,1,0,0,64.533816,1
171,1,110,2,0,220,1,0.125,30,46.895644,0
172,1,50,2,0.5,67.5,1,0.3,55,49.511874,1
173,1,110,2,0,220,1,0.125,30,46.895644,0
174,1,50,1.5,1,70,1.25,0.432432432,70,39.7034,0
175,1,110,2,0,290,0,0.12,35,40.560159,0
176,1,110,2,0,125,1,0.56,30,33.174094,0
177,0,100,3,0,80,1,0,0,64.533816,1
178,1,105,2.25,0.75,127.5,1.5,0.310344828,71.25,36.471512,0
179,1,90,0.75,1.5,165,0,0.5,26.25,18.042851,1
180,1,88,2.64,0.88,123.2,2.64,0.25,74.8,52.076897,1
181,1,120,1,2,220,1,0.47826087,45,21.871292,1
182,1,39.6,0.99,0.99,24.75,0.99,0.235294118,33,45.811716,1
183,1,110,1,0,90,1,0.48,20,35.782791,0
184,1,90,0.75,1.5,165,0,0.5,26.25,18.042851,1
185,1,82.5,1.5,1.5,135,1.125,0.487804878,0,29.509541,0
186,1,82.5,1.5,0.75,187.5,0,0.125,45,39.106174,0
187,1,90,0.75,2.25,157.5,0,0.409090909,33.75,19.823573,0
188,1,100,2,0,290,1,0.086956522,35,45.863324,0
189,1,67,2.01,0.67,154.1,2.01,0.15,77.05,49.787445,0
190,1,50,1,0,0,0,0,15,60.756112,1
191,1,67,2.01,0.67,154.1,2.01,0.15,77.05,49.787445,0
192,1,23.1,1.32,0.33,42.9,3.3,0.545454545,92.4,68.402973,1
193,1,82.5,0.75,0,150,0.75,0.44,18.75,31.435973,0
194,1,67,2.01,0.67,154.1,2.01,0.15,77.05,49.787445,0
195,1,67,2.68,1.34,100.5,1.34,0.333333333,63.65,45.328074,1
196,1,25,2,0,70,7,0,165,93.704912,0
197,1,60.3,2.01,0,0,2.68,0,93.8,74.472949,1
198,1,82.5,1.5,0.75,52.5,0.75,0.625,30,31.230054,0
199,1,82.5,0.75,0.75,210,0,0.375,33.75,23.804043,0
200,1,110,2,0,290,0,0.12,35,40.560159,0
201,1,97.5,2.25,1.5,157.5,1.5,0.307692308,75,37.038562,0
202,1,50,1,0,0,0,0,15,60.756112,1
203,1,90,2,0,15,3,0.25,90,59.363993,1
204,1,100,2,1,220,2,0.285714286,90,40.105965,0
205,0,67,3.35,1.34,0,1.809,0.87,73.7,50.828392,1
206,1,93.8,2.01,1.34,147.4,2.01,0.25,87.1,40.69232,0
207,1,50,2,0.5,67.5,1,0.3,55,49.511874,1
208,1,27.5,0.75,0,42.5,0.75,0.15,22.5,53.371007,1
209,1,100,2,0,290,1,0.086956522,35,45.863324,0
210,1,165,3,1.5,390,0,0.125,60,39.241114,0
211,1,150,4,3,95,3,0.407407407,170,37.136863,0
212,0,100,3,0,80,1,0,0,64.533816,1
213,1,165,3,1.5,390,0,0.125,60,39.241114,0
214,1,110,1,0,90,1,0.48,20,35.782791,0
215,1,110,2,1,125,1,0.541666667,30,32.207582,0
216,1,110,2,1,200,0,0.125,35,38.839746,0
217,1,60.3,2.01,0,0,2.68,0,93.8,74.472949,1
218,1,110,2,1,125,1,0.541666667,30,32.207582,0
219,1,23.1,1.32,0.33,85.8,2.97,0.416666667,105.6,59.425505,0
220,1,110,2,1,200,0,0.125,35,38.839746,0
221,1,50,1.5,1,70,1.25,0.432432432,70,39.7034,0
222,1,60.3,1.34,0.67,134,2.68,0.285714286,83.75,49.120253,0
223,1,23.1,1.32,0.33,42.9,3.3,0.545454545,92.4,68.402973,1
224,1,75,1.5,0.75,105,1.5,0.476190476,90,36.176196,0
225,0,100,3,0,80,1,0,0,64.533816,1
226,1,82.5,1.5,0.75,187.5,0,0.125,45,39.106174,0
227,1,82.5,1.5,0.75,52.5,0.75,0.625,30,31.230054,0
228,1,50,2,0,0,1,0,50,63.005645,1
229,1,110,2,0,280,0,0.12,25,41.445019,0
230,1,82.5,1.5,0.75,150,0.75,0.333333333,45,36.187559,0
231,1,120,3,5,15,2,0.5,135,33.983679,1
232,1,93.8,2.01,1.34,147.4,2.01,0.25,87.1,40.69232,0
233,1,27.5,0.75,0,42.5,0.75,0.15,22.5,53.371007,1
234,1,55,1.5,1.5,70,2,0.411764706,80,40.448772,0
235,1,110,1,1,140,0,0.48,25,27.753301,0
236,1,82.5,0.75,0,150,0.75,0.44,18.75,31.435973,0
237,1,82.5,0.75,0,150,0.75,0.44,18.75,31.435973,0
238,1,82.5,1.5,0.75,187.5,0,0.125,45,39.106174,0
239,1,50,1,0,0,0,0,15,60.756112,1
240,1,140,3,1,190,4,0.482758621,230,28.592785,0
241,1,110,1,1,180,0,0.52,55,22.736446,0
242,1,50,1,0,0,0,0,15,60.756112,1
243,1,90,2.25,0.75,157.5,3.75,0.461538462,180,39.259197,0
244,1,150,4,3,95,3,0.407407407,170,37.136863,0
245,1,140,3,1,190,4,0.482758621,230,28.592785,0
246,1,120,1,2,220,1,0.47826087,45,21.871292,1
247,1,67,2.01,0.67,154.1,2.01,0.15,77.05,49.787445,0
248,1,88,1.76,0,39.6,0,0.576923077,35.2,35.252444,1
249,1,82.5,2.25,0.75,187.5,1.125,0.465116279,67.5,31.072217,0
250,1,137.5,7.5,2.5,362.5,2.5,0.055555556,131.25,50.764999,0
251,1,80.4,2.01,1.34,107.2,3.35,0.454545455,134,40.917047,1
252,1,90,2.25,0.75,157.5,3.75,0.461538462,180,39.259197,0
253,1,120,3,5,15,2,0.5,135,33.983679,1
254,1,150,4,3,150,3,0.407407407,170,34.139765,0
255,1,110,1,1,180,0,0.52,65,22.396513,0
256,0,100,3,0,80,1,0,0,64.533816,1
257,1,50,1,0,0,0,0,15,60.756112,1
258,1,82.5,1.5,0.75,52.5,0.75,0.625,30,31.230054,0
259,1,82.5,1.5,0.75,150,0.75,0.333333333,45,36.187559,0
260,1,110,1,1,140,0,0.48,25,27.753301,0
261,1,124.3,1.13,0,271.2,0,0.08,33.9,41.998933,0
262,1,82.5,0.75,0.75,101.25,0,0.48,18.75,28.025765,1
263,1,82.5,0.75,0.75,210,0,0.375,33.75,23.804043,0
264,1,80.4,2.01,0,160.8,3.35,0.461538462,127.3,41.015492,0
265,0,100,3,0,80,1,0,0,64.533816,1
266,1,120,1,2,220,1,0.47826087,45,21.871292,1
267,1,88,2.64,0.88,123.2,2.64,0.25,74.8,52.076897,1
268,1,80.4,2.01,1.34,107.2,3.35,0.454545455,134,40.917047,1
269,1,110,2,0,280,0,0.12,25,41.445019,0
270,1,150,4,3,95,3,0.407407407,170,37.136863,0
271,1,67,2.01,0.67,154.1,2.01,0.15,77.05,49.787445,0
272,1,150,4,3,150,3,0.407407407,170,34.139765,0
273,0,67,3.35,1.34,0,1.809,0.87,73.7,50.828392,1
274,1,80,2.4,0,0,2.4,0.333333333,80,58.345141,0
275,1,60.3,2.01,0,140.7,3.35,0.277777778,127.3,53.313813,1
276,1,90,3,0,170,3,0.1,90,59.642837,0
277,1,82.5,2.25,0.75,187.5,1.125,0.465116279,67.5,31.072217,0
278,1,82.5,0.75,0,150,0.75,0.44,18.75,31.435973,0
279,1,100,3,1,200,3,0.15,110,51.592193,0
280,0,100,4,1,0,0,0.157894737,95,54.850917,0
281,1,82.5,2.25,0.75,187.5,1.125,0.465116279,67.5,31.072217,0
282,1,82.5,1.5,0.75,52.5,0.75,0.625,30,31.230054,0
283,1,110,2,1,125,1,0.541666667,30,32.207582,0
284,0,100,3,0,80,1,0,0,64.533816,1
285,1,88,1.76,0,39.6,0,0.576923077,35.2,35.252444,1
286,1,82.5,1.5,0.75,150,0.75,0.333333333,45,36.187559,0
287,1,100,3,1,200,3,0.157894737,110,46.658844,0
288,1,25,2,0,70,7,0,165,93.704912,0
289,1,150,4,3,95,3,0.407407407,170,37.136863,0
290,1,165,3,1.5,390,0,0.125,60,39.241114,0
291,1,97.5,2.25,1.5,157.5,1.5,0.307692308,75,37.038562,0
292,1,55,1.5,1,70,1,0.35,52.5,40.400208,0
293,1,75,1.5,0.75,105,1.5,0.476190476,90,36.176196,0
294,1,82.5,0.75,0.75,210,0,0.375,33.75,23.804043,0
295,1,110,2,1,125,1,0.541666667,30,32.207582,0
296,1,60.3,2.01,0,140.7,3.35,0.277777778,127.3,53.313813,1
297,1,80,2.4,0,0,2.4,0.333333333,80,58.345141,0
298,1,82.5,0.75,0.75,101.25,0,0.48,18.75,28.025765,1
299,1,82.5,1.5,1.5,150,0.75,0.363636364,0,34.384843,0
300,1,110,6,0,230,1,0.157894737,55,53.131324,0
301,0,100,4,1,0,0,0.157894737,95,54.850917,0
302,1,50,2,0,0,1,0,50,63.005645,1
303,1,88,1.76,0,39.6,0,0.576923077,35.2,35.252444,1
304,1,50,2,0,0,1,0,50,63.005645,1
305,0,100,3,0,80,1,0,0,64.533816,1
306,1,107.2,2.01,1.34,100.5,2.01,0.433333333,107.2,30.313351,0
307,1,55,1.5,1.5,70,2,0.411764706,80,40.448772,0
308,1,50,2,0.5,67.5,1,0.3,55,49.511874,1
309,1,165,3,1.5,390,0,0.125,60,39.241114,0
310,1,110,1,1,140,0,0.48,25,27.753301,0
311,1,80.4,2.01,0,160.8,3.35,0.461538462,127.3,41.015492,0
312,1,75,1.5,0.75,105,1.5,0.476190476,90,36.176196,0
313,1,110,2,1,180,0,0.5,55,26.734515,0
314,1,110,1,1,140,0,0.48,25,27.753301,0
315,1,80,2.4,0,0,2.4,0.333333333,80,58.345141,0
316,1,23.1,1.32,0.33,85.8,2.97,0.416666667,105.6,59.425505,0
317,1,100,3,1,200,3,0.15,110,51.592193,0
318,1,75,1.5,0,142.5,0.75,0.217391304,60,44.330856,0
319,1,150,4,3,95,3,0.407407407,170,37.136863,0
320,1,80.4,1.34,0.67,127.3,0,0.375,26.8,29.924285,0
321,1,82.5,1.5,0.75,150,0.75,0.333333333,45,36.187559,0
322,1,165,3,1.5,390,0,0.125,60,39.241114,0
323,1,82.5,1.5,0.75,52.5,0.75,0.625,30,31.230054,0
324,1,50,2,0.5,67.5,1,0.3,55,49.511874,1
325,1,82.5,1.5,1.5,135,1.125,0.487804878,0,29.509541,0
326,1,50,1.5,1,70,1.25,0.432432432,70,39.7034,0
327,1,110,6,0,230,1,0.157894737,55,53.131324,0
328,1,23.1,1.32,0.33,42.9,3.3,0.545454545,92.4,68.402973,1
329,1,140,3,1,190,4,0.482758621,230,28.592785,0
330,1,90,0.75,2.25,157.5,0,0.409090909,33.75,19.823573,0
331,1,60.3,2.01,0,0,2.01,0,80.4,72.801787,1
332,1,75,1.5,0.75,105,1.5,0.476190476,90,36.176196,0
333,1,65,1.5,1,85,0.75,0.425531915,60,30.450843,0
334,1,60.3,2.01,0,0,2.01,0,80.4,72.801787,1
335,1,82.5,0.75,0.75,101.25,0,0.48,18.75,28.025765,1
336,1,110,2,0,220,1,0.125,30,46.895644,0
337,1,82.5,1.5,0.75,150,0.75,0.333333333,45,36.187559,0
338,1,80,2,0,0,3,0,95,68.235885,1
339,1,60.3,1.34,0.67,134,2.68,0.285714286,83.75,49.120253,0
340,0,100,4,1,0,0,0.157894737,95,54.850917,0
341,0,67,3.35,1.34,0,1.809,0.87,73.7,50.828392,1
342,1,50,2,0.5,67.5,1,0.3,55,49.511874,1
343,1,90,0.75,2.25,157.5,0,0.409090909,33.75,19.823573,0
344,0,100,4,1,0,0,0.157894737,95,54.850917,0
345,1,80.4,2.01,0.67,134,4.02,0.56,174.2,37.840594,1
346,1,82.5,2.25,0.75,187.5,1.125,0.465116279,67.5,31.072217,0
347,1,110,2,1,200,0,0.125,35,38.839746,0
348,1,82.5,1.5,0.75,52.5,0.75,0.625,30,31.230054,0
349,1,100,3,1,200,3,0.15,110,51.592193,0
350,1,50,1.5,1,70,1.25,0.432432432,70,39.7034,0
351,1,82.5,0.75,0.75,210,0,0.375,33.75,23.804043,0
352,1,25,2,0,70,7,0,165,93.704912,0
353,1,67,2.68,1.34,100.5,1.34,0.333333333,63.65,45.328074,1
354,1,165,3,1.5,390,0,0.125,60,39.241114,0
355,1,137.5,7.5,2.5,362.5,2.5,0.055555556,131.25,50.764999,0
356,1,110,2,1,200,0,0.125,35,38.839746,0
357,1,80,2.4,0,0,2.4,0.333333333,80,58.345141,0
358,1,110,2,1,170,1,0.260869565,60,36.523683,0
359,1,82.5,1.5,0.75,150,0.75,0.333333333,45,36.187559,0
360,1,105,2.25,0.75,127.5,1.5,0.310344828,71.25,36.471512,0
361,1,82.5,0.75,0.75,210,0,0.375,33.75,23.804043,0
362,1,82.5,2.25,0.75,187.5,1.125,0.465116279,67.5,31.072217,0
363,1,80.4,2.01,1.34,107.2,3.35,0.454545455,134,40.917047,1
364,1,110,6,0,230,1,0.157894737,55,53.131324,0
365,0,100,4,1,0,0,0.157894737,95,54.850917,0
366,1,82.5,1.5,1.5,135,1.125,0.487804878,0,29.509541,0
367,1,50,1.5,1,70,1.25,0.432432432,70,39.7034,0
368,1,80.4,1.34,0.67,127.3,0,0.375,26.8,29.924285,0
369,0,100,3,0,80,1,0,0,64.533816,1
370,1,100,2,1,220,2,0.285714286,90,40.105965,0
371,1,23.1,1.32,0.33,85.8,2.97,0.416666667,105.6,59.425505,0
372,1,120,1,2,220,1,0.47826087,45,21.871292,1
373,1,110,1,1,140,0,0.48,25,27.753301,0
374,1,150,4,3,150,3,0.407407407,170,34.139765,0
375,1,90,0.75,2.25,157.5,0,0.409090909,33.75,19.823573,0
376,1,90,2.25,0.75,157.5,3.75,0.461538462,180,39.259197,0
377,1,82.5,2.25,0.75,187.5,1.125,0.465116279,67.5,31.072217,0
378,1,82.5,1.5,1.5,135,1.125,0.487804878,0,29.509541,0
379,1,110,6,0,230,1,0.157894737,55,53.131324,0
380,1,23.1,1.32,0.33,42.9,3.3,0.545454545,92.4,68.402973,1
381,1,82.5,0.75,0.75,101.25,0,0.48,18.75,28.025765,1
382,1,82.5,0.75,0,150,0.75,0.44,18.75,31.435973,0
383,1,110,1,1,180,0,0.52,65,22.396513,0
384,1,90,2.25,0.75,157.5,3.75,0.461538462,180,39.259197,0
385,1,88,2.64,0.88,123.2,2.64,0.25,74.8,52.076897,1
386,1,60.3,2.01,0,0,2.68,0,93.8,74.472949,1
387,1,82.5,0.75,0,150,0.75,0.44,18.75,31.435973,0
388,1,110,2,1,170,1,0.260869565,60,36.523683,0
389,1,80,2,0,0,3,0,95,68.235885,1
390,1,55,1.5,1.5,70,2,0.411764706,80,40.448772,0
391,1,80,2.4,0,0,2.4,0.333333333,80,58.345141,0
392,1,23.1,1.32,0.33,85.8,2.97,0.416666667,105.6,59.425505,0
393,1,90,3,0,170,3,0.1,90,59.642837,0
394,1,27.5,0.75,0,42.5,0.75,0.15,22.5,53.371007,1
395,1,50,2,0,0,1,0,50,63.005645,1
396,1,100,2,1,220,2,0.285714286,90,40.105965,0
397,1,82.5,1.5,0.75,52.5,0.75,0.625,30,31.230054,0
398,1,88,2.64,0.88,123.2,2.64,0.25,74.8,52.076897,1
399,1,60.3,2.01,0,0,2.68,0,93.8,74.472949,1
400,1,100,2,1,220,2,0.285714286,90,40.105965,0
401,1,50,1.5,1,70,1.25,0.432432432,70,39.7034,0
402,1,165,3,1.5,390,0,0.125,60,39.241114,0
403,1,50,2,0.5,67.5,1,0.3,55,49.511874,1
404,1,137.5,7.5,2.5,362.5,2.5,0.055555556,131.25,50.764999,0
405,1,67,2.68,1.34,100.5,1.34,0.333333333,63.65,45.328074,1
406,1,82.5,1.5,0.75,187.5,0,0.125,45,39.106174,0
407,1,107.2,2.01,1.34,100.5,2.01,0.433333333,107.2,30.313351,0
408,1,110,2,0,290,0,0.12,35,40.560159,0
409,1,82.5,1.5,0.75,150,0.75,0.333333333,45,36.187559,0
410,1,23.1,1.32,0.33,85.8,2.97,0.416666667,105.6,59.425505,0
411,1,110,1,1,180,0,0.52,65,22.396513,0
412,0,100,4,1,0,0,0.157894737,95,54.850917,0
413,1,80,2,0,0,3,0,95,68.235885,1
414,1,67,2.01,0.67,154.1,2.01,0.15,77.05,49.787445,0
415,1,110,2,0,290,0,0.12,35,40.560159,0
416,1,60.3,2.01,0,140.7,3.35,0.277777778,127.3,53.313813,1
417,1,80,2.4,0,0,2.4,0.333333333,80,58.345141,0
418,1,110,2,1,170,1,0.260869565,60,36.523683,0
419,1,82.5,1.5,1.5,135,1.125,0.487804878,0,29.509541,0
420,1,50,1,0,0,0,0,15,60.756112,1
421,1,124.3,1.13,0,271.2,0,0.08,33.9,41.998933,0
422,1,120,1,2,220,1,0.47826087,45,21.871292,1
423,1,150,4,3,150,3,0.407407407,170,34.139765,0
424,1,67,2.68,1.34,100.5,1.34,0.333333333,63.65,45.328074,1
425,1,90,2,0,15,3,0.25,90,59.363993,1
426,1,82.5,0.75,0,150,0.75,0.44,18.75,31.435973,0
427,1,90,0.75,2.25,157.5,0,0.409090909,33.75,19.823573,0
428,1,100,2,1,220,2,0.285714286,90,40.105965,0
429,1,65,1.5,1,85,0.75,0.425531915,60,30.450843,0
430,1,82.5,1.5,0.75,150,0.75,0.333333333,45,36.187559,0
431,1,110,2,1,125,1,0.541666667,30,32.207582,0
432,1,100,3,1,200,3,0.15,110,51.592193,0
433,1,39.6,0.99,0.99,24.75,0.99,0.235294118,33,45.811716,1
434,1,90,3,0,170,3,0.1,90,59.642837,0
435,1,110,2,1,170,1,0.260869565,60,36.523683,0
436,1,110,6,0,230,1,0.157894737,55,53.131324,0
437,1,90,3,0,170,3,0.1,90,59.642837,0
438,1,110,2,0,290,0,0.12,35,40.560159,0
439,1,50,1.5,1,70,1.25,0.432432432,70,39.7034,0
440,1,97.5,2.25,1.5,157.5,1.5,0.307692308,75,37.038562,0
441,1,82.5,0.75,0.75,210,0,0.375,33.75,23.804043,0
442,1,82.5,1.5,0.75,52.5,0.75,0.625,30,31.230054,0
443,1,23.1,1.32,0.33,85.8,2.97,0.416666667,105.6,59.425505,0
444,1,100,3,1,200,3,0.15,110,51.592193,0
445,1,137.5,7.5,2.5,362.5,2.5,0.055555556,131.25,50.764999,0
446,1,82.5,1.5,1.5,135,1.125,0.487804878,0,29.509541,0
447,1,88,2.64,0.88,123.2,2.64,0.25,74.8,52.076897,1
448,1,82.5,0.75,0,150,0.75,0.44,18.75,31.435973,0
449,1,55,1.5,1.5,70,2,0.411764706,80,40.448772,0
450,1,60.3,2.01,0,0,2.68,0,93.8,74.472949,1
451,1,146.3,1.33,0,239.4,0,0.44,46.55,28.742414,1
452,1,39.6,0.99,0.99,24.75,0.99,0.235294118,33,45.811716,1
453,0,100,4,1,0,0,0.157894737,95,54.850917,0
454,1,67,2.01,0.67,154.1,2.01,0.15,77.05,49.787445,0
455,1,90,2,0,15,3,0.25,90,59.363993,1
456,1,45,1,0,0,1,0.285714286,55,55.333142,0
457,1,100,2,0,290,1,0.086956522,35,45.863324,0
458,1,82.5,1.5,0.75,187.5,0,0.125,45,39.106174,0
459,1,90,0.75,2.25,157.5,0,0.409090909,33.75,19.823573,0
460,1,93.8,2.01,1.34,147.4,2.01,0.25,87.1,40.69232,0
461,1,60.3,1.34,0.67,134,2.68,0.285714286,83.75,49.120253,0
462,1,27.5,0.75,0,42.5,0.75,0.15,22.5,53.371007,1
