Saw Most Recent,Fan,Films Seen,Prev Avg Rating,Han Solo,Princess Leia,Anakin Skywalker,Darth Vader,Expanded Universe Fan,Star Trek Fan,Age,Household Income,EducationIndex,EastCoastResident
1,1,5,4,3,3,3,3,1,0,23,28406,2,1
1,0,2,3.6,3,3,3,2,0,0,28,109,2,0
1,1,5,4,3,3,3,3,0,1,24,139550,3,0
1,1,5,3,3,3,1,3,1,0,23,102860,3,0
1,1,5,3.6,3,3,3,3,1,1,20,47637,3,1
1,1,5,3.4,3,3,3,3,1,0,28,136692,2,0
1,1,5,3,3,3,2,1,0,1,20,52511,2,1
1,1,5,3,3,3,3,3,0,0,26,7312,3,1
0,0,1,3.6,2,3,3,3,0,0,25,39301,3,0
1,0,5,3.2,3,3,3,3,0,0,77,26291,3,1
1,1,5,3,3,3,3,1,0,0,39,93977,4,0
1,1,5,3.2,3,3,3,1,0,0,21,65870,2,0
1,1,5,3.2,3,3,1,3,1,1,22,11055,3,0
0,1,1,3.8,2,1,2,1,1,0,24,92838,3,1
1,1,3,3.6,3,3,3,3,0,0,24,84667,3,1
1,1,5,3.8,3,3,3,3,0,0,25,332082,2,1
1,1,5,4,3,3,3,3,0,1,24,53175,3,0
1,1,5,3.4,3,3,3,3,0,0,19,311196,3,0
1,0,4,3.2,2,2,2,2,0,0,27,174522,3,0
1,1,5,3.4,3,3,2,3,1,1,19,76945,3,1
1,1,5,3.4,3,3,1,3,0,0,20,16108,3,0
1,1,5,3,3,3,3,3,0,0,28,71530,3,0
1,1,5,3.2,3,3,3,3,1,0,24,103423,3,1
1,1,5,3.4,3,3,3,1,0,0,22,27210,3,1
1,1,5,3.4,3,2,1,3,1,0,25,206819,3,1
1,1,5,3.2,3,3,1,3,1,1,26,339019,3,0
1,0,5,3.2,2,2,2,3,0,0,42,21140,2,1
1,1,5,3.4,3,3,3,3,1,1,37,55397,3,0
1,0,5,3.8,1,1,1,1,0,0,19,215742,3,1
1,0,1,3.8,2,2,2,2,0,0,28,52634,2,0
1,1,5,3.4,3,3,3,3,0,0,42,280897,4,0
1,1,5,4,3,2,3,3,0,0,23,23827,3,0
1,1,5,3.2,3,3,3,1,0,0,19,344923,3,0
1,1,5,3.2,3,3,3,3,1,1,35,71082,3,1
1,1,5,3,3,3,3,3,1,1,39,3896,2,0
1,1,5,3.8,3,3,2,3,0,1,43,142333,4,1
1,1,5,3.4,3,3,3,3,1,0,32,123905,4,0
1,1,5,3.4,3,3,3,3,1,0,27,40736,3,0
1,1,5,3.4,3,3,3,3,1,1,28,170597,3,0
1,1,5,3.4,3,3,3,3,1,0,18,46162,2,1
1,1,5,3.4,3,3,3,3,0,0,19,45873,3,0
1,1,5,3,3,3,1,1,1,1,30,86401,3,0
1,0,5,3.4,3,3,2,1,0,0,21,56541,3,0
0,1,4,3.2,3,3,3,3,0,1,25,85506,3,0
1,1,5,3.2,2,3,3,3,1,0,18,168915,2,1
1,1,5,4,3,3,3,3,0,1,40,99317,3,0
1,1,5,3.4,3,3,3,3,1,0,25,48189,2,1
1,1,5,3.4,3,3,3,3,0,0,20,110669,3,0
1,1,5,3.2,3,3,3,3,0,0,25,192319,3,0
1,1,5,3.2,3,3,2,3,0,1,26,93134,4,0
1,1,5,3.2,3,3,1,3,1,0,29,23272,2,1
0,0,5,3,3,3,3,1,0,0,22,54248,3,0
1,1,5,3.8,3,3,1,3,1,0,25,198033,3,0
0,1,1,3.6,2,3,2,2,0,1,34,102226,4,0
1,1,5,3,3,3,3,3,1,0,21,146143,3,1
1,1,5,3.4,3,3,1,1,0,0,42,93918,3,0
1,0,5,3.6,3,3,3,3,0,0,27,21581,3,0
1,1,5,3.4,3,3,2,3,1,1,26,209620,3,0
1,1,5,3.2,3,3,3,3,1,0,23,79703,3,1
1,0,5,3.8,3,3,3,3,0,0,19,33563,4,0
1,1,5,3.4,3,3,1,3,1,1,21,34112,3,0
1,1,5,3.6,3,3,1,3,0,1,35,123585,4,0
1,1,5,3.2,3,3,1,3,0,1,31,83712,4,0
1,1,5,3.4,3,3,3,3,0,1,29,103822,3,0
1,1,5,3.8,3,3,3,3,1,1,25,104632,4,1
1,1,5,3,3,3,3,3,0,1,24,41221,3,1
1,0,5,3,3,3,2,2,0,0,36,77250,2,0
1,1,5,3.2,3,3,3,3,0,1,35,54992,3,0
0,0,2,3.2,3,3,3,1,0,0,36,57814,3,0
1,1,5,3.8,3,3,3,2,0,1,25,84637,3,1
0,1,5,3,3,3,3,3,1,0,39,102023,3,0
1,1,5,3.4,3,3,1,1,0,0,36,115993,4,0
0,0,2,3.4,3,3,2,3,0,0,81,95539,3,1
1,1,5,3.2,3,2,3,3,0,1,37,132255,4,1
1,1,5,3.4,3,3,3,1,0,1,85,70934,4,0
1,1,5,3.6,3,3,3,3,0,1,40,46778,3,0
1,0,4,3.6,3,3,2,2,1,1,76,125088,4,0
0,0,5,3,3,2,2,3,0,0,42,13528,3,0
0,0,3,3.4,3,3,1,2,0,0,19,2040,3,1
1,1,5,3.6,2,3,3,3,1,0,34,75447,2,0
1,1,3,3.4,3,3,3,1,0,1,70,69833,2,1
1,1,5,3.2,3,2,3,3,0,1,72,88626,3,0
1,1,5,3.4,3,3,3,3,0,0,42,81984,3,0
1,1,5,3,3,3,3,3,0,0,42,108171,3,1
1,0,2,3.6,3,3,2,3,0,0,99,60595,3,0
0,1,4,3,3,3,3,3,0,1,73,127543,3,1
1,1,5,3.4,3,3,2,3,1,1,61,331198,3,1
1,1,5,3.4,3,3,3,3,0,1,44,46210,4,1
0,0,3,3,3,3,2,3,0,1,73,102906,3,0
0,1,3,3.4,3,3,2,3,0,1,32,37618,3,0
0,0,1,3.4,2,3,2,1,0,0,72,28411,3,1
0,0,2,3.2,3,3,2,3,0,0,44,98869,2,0
1,1,5,3,3,3,3,3,0,1,33,78530,3,1
0,1,4,3.2,3,3,2,1,1,1,77,59328,3,1
0,0,1,3.6,3,3,2,1,0,0,66,26772,4,0
1,0,5,3.8,3,3,3,3,0,0,36,62809,3,0
0,0,3,3.2,3,3,3,3,0,0,41,95374,4,1
1,0,4,3.2,3,3,3,3,0,0,43,34143,3,0
1,1,5,3.4,3,3,3,3,0,1,41,38056,4,1
1,0,2,3.6,3,3,3,3,0,0,35,94630,3,0
1,1,5,3.2,3,3,1,3,1,1,36,92720,4,1
1,1,5,3,3,3,2,3,0,0,94,31921,3,1
0,0,3,3,3,3,2,1,0,0,74,36878,4,0
1,1,5,3.4,3,3,2,1,0,1,75,49968,2,1
1,1,5,3.4,3,3,1,1,1,0,36,58525,3,1
0,0,3,3.2,3,3,3,1,0,1,50,90288,3,1
0,1,2,3,3,3,3,3,0,1,91,45992,3,0
1,0,3,3.4,3,3,3,1,0,0,97,81628,3,1
0,0,2,3.6,3,3,2,1,0,1,67,34357,3,1
0,0,2,3.6,2,3,3,1,0,0,62,66247,3,1
0,0,2,3.4,2,1,1,1,0,0,36,47462,3,1
1,1,5,3,3,3,3,3,0,1,51,305246,3,1
1,1,5,3,3,3,3,1,0,0,91,108817,4,0
1,0,5,3.4,3,3,2,3,0,0,36,6226,3,0
0,0,2,3.4,3,3,3,1,0,0,37,123207,3,1
1,1,5,3,3,3,1,1,0,1,33,125047,4,1
0,0,1,3.6,3,3,3,1,0,0,20,3641,2,0
0,1,3,3,3,3,3,1,0,1,100,82229,3,0
0,0,4,3,3,3,2,1,0,0,42,70724,3,0
0,0,3,3.2,3,3,2,2,0,1,51,124600,3,1
1,0,5,3,3,3,3,3,0,0,39,55040,3,0
1,1,5,3.2,3,3,3,1,1,1,42,147992,3,0
1,0,5,3.8,2,3,3,1,0,0,18,49521,3,0
1,1,5,3,3,3,3,3,0,0,32,61755,3,1
1,0,5,3.4,2,2,1,1,0,0,34,4534,4,0
0,0,4,3,3,3,1,3,0,1,55,119089,3,0
0,0,2,3.4,3,3,3,3,0,0,18,228765,2,0
1,1,5,3.6,3,3,3,3,1,1,94,153948,4,0
0,1,3,3,3,3,2,1,0,1,54,231061,3,0
0,0,2,3,3,3,3,3,1,1,57,32296,3,1
1,0,5,3.8,2,2,2,3,0,0,35,36588,2,0
1,0,5,3.8,3,3,2,3,1,0,20,22431,3,0
0,0,3,3.4,3,3,3,3,0,1,32,77712,3,0
0,0,3,3.4,3,3,3,3,0,0,47,37483,2,0
1,0,5,3.4,2,2,1,2,0,1,52,270209,4,0
1,1,5,3.4,3,3,1,3,1,1,33,110959,3,0
1,1,5,3.4,3,3,3,3,0,0,27,323780,3,0
0,1,3,3,3,3,1,1,0,0,38,14112,3,0
1,1,5,3.4,3,3,3,3,1,0,22,38941,3,0
1,1,5,3.4,3,3,1,1,1,1,51,58354,4,0
1,1,5,3.4,3,3,2,3,0,1,54,13991,2,1
1,1,5,3.4,3,3,3,3,0,1,49,335723,4,0
1,0,5,3,3,3,1,3,0,0,43,104677,3,0
1,0,5,3.2,3,3,3,3,0,0,55,101037,3,0
1,1,5,3.4,3,3,3,3,0,0,39,221808,3,1
0,0,3,3,3,3,3,1,0,0,45,95712,2,0
1,1,5,3.4,3,3,1,3,1,0,34,34575,3,1
1,1,5,3.4,3,3,2,1,0,1,85,21332,4,1
1,1,5,4,3,3,3,3,1,1,24,84598,3,0
0,1,4,3,2,3,3,1,0,1,76,92488,3,1
1,1,5,3.8,3,3,3,1,0,1,37,93386,3,0
1,1,5,3.4,3,3,3,1,0,0,91,118353,4,0
1,1,5,3.4,3,3,3,3,1,1,45,124308,3,1
0,0,2,3.2,3,3,3,3,0,0,50,177652,3,0
0,0,2,3.4,3,3,2,3,0,1,48,141,3,0
1,1,5,3,3,3,3,3,1,0,28,53892,3,0
1,0,4,3,3,3,3,3,1,0,18,7960,2,1
0,1,5,3,3,3,3,3,0,1,18,45718,3,0
1,1,5,3.4,3,3,3,2,1,1,32,2291,4,0
0,0,2,3.4,3,3,3,1,0,0,47,162220,3,1
1,0,5,3.2,3,2,2,2,0,0,20,292219,3,0
1,1,5,3.6,3,3,3,3,0,1,97,96357,2,0
1,1,5,3,3,3,1,3,1,1,26,178487,3,1
1,1,5,3,3,3,3,3,0,1,31,118463,4,0
1,1,5,3.4,3,3,3,1,0,1,60,265053,4,0
0,1,2,3.6,2,3,2,3,0,0,30,66144,3,0
1,1,5,3,3,3,3,1,0,0,20,79811,3,0
0,0,2,3.2,3,3,2,3,1,0,99,16735,4,1
1,0,5,3.6,3,3,3,1,0,1,49,49970,3,0
1,0,5,4,3,3,3,3,0,1,22,135668,2,1
1,1,5,3.8,3,3,3,3,0,1,36,128695,3,0
1,1,4,3,3,3,3,1,1,0,54,44101,3,0
1,1,4,3,3,3,3,2,0,0,24,960,3,1
0,0,2,3.2,3,3,2,3,0,0,60,59723,3,0
1,1,5,3,3,3,3,2,0,1,34,89719,4,0
1,0,5,3,3,3,3,3,1,0,76,62007,2,1
0,0,1,3.6,2,2,2,2,0,0,82,24902,3,0
1,1,5,3,3,3,3,1,0,1,38,31899,4,0
1,1,5,3.4,3,3,3,3,0,1,50,12697,3,0
1,1,5,3.4,3,3,1,1,0,0,38,225839,4,0
1,1,5,3,3,3,3,2,0,0,31,301764,3,1
1,1,5,3.2,3,3,3,1,1,1,20,343683,3,0
1,1,5,3.2,3,3,3,3,1,1,47,81999,3,0
0,0,3,3,3,3,2,2,0,0,46,80460,3,0
1,1,5,3.2,3,3,2,2,0,1,56,284739,3,1
0,1,5,3,3,2,3,1,0,0,53,265904,4,0
0,0,3,3,3,3,3,1,0,0,45,125188,3,0
0,0,2,3.2,3,3,1,1,0,0,52,56937,4,0
1,1,5,3.2,3,3,3,3,0,0,57,212416,4,1
1,1,5,3,3,3,2,2,0,1,58,13327,4,0
1,0,1,3.6,3,3,2,1,0,0,21,93223,3,0
1,1,4,3.2,3,3,2,2,0,1,19,257105,2,0
1,0,1,3.6,3,3,1,2,0,0,51,40148,4,0
1,1,5,3.4,3,3,3,3,0,1,80,79338,3,1
1,1,4,3.2,3,3,3,3,1,1,58,119164,3,0
0,1,5,3,3,3,3,1,0,0,75,101651,4,0
1,1,5,3,3,3,3,2,0,1,45,26476,4,0
1,1,5,3,3,3,2,3,1,1,55,313073,3,1
1,1,5,3.6,3,3,1,3,1,0,36,67395,3,1
1,1,5,3.2,3,3,3,1,0,1,49,103162,4,0
1,1,5,3.8,3,3,3,1,0,1,24,111034,3,0
1,1,5,3.4,3,3,3,3,1,1,54,264096,3,1
1,1,5,3.6,3,3,3,3,1,1,60,16134,4,0
1,0,5,3,3,3,3,2,0,0,89,73029,3,1
1,1,5,3.6,3,3,3,3,0,0,30,302537,3,1
1,1,5,3.2,3,3,2,3,1,1,55,278423,4,1
1,1,5,3.4,3,3,3,3,1,1,51,194100,2,0
1,1,5,3.4,3,3,1,3,1,0,33,12739,2,0
0,0,3,3.4,3,3,2,1,0,1,52,42982,3,0
1,1,5,3,3,3,3,1,0,1,49,102475,3,0
1,1,5,3.6,3,3,3,2,0,0,94,115528,3,0
1,0,1,4,3,3,3,1,0,0,27,129657,3,1
1,1,5,3.2,3,3,3,3,0,1,47,33136,3,1
0,1,4,3,3,3,1,3,0,0,30,54526,3,0
1,1,5,3,3,3,1,2,1,1,43,4128,2,1
1,1,5,3,3,3,1,1,0,1,92,45190,3,0
0,0,3,3,3,3,3,1,0,0,32,55587,3,0
0,0,2,3.4,1,3,3,3,0,0,18,52607,3,0
0,0,3,3.6,2,2,2,2,0,1,42,153442,3,1
0,0,3,3.2,3,3,2,2,0,1,59,101104,3,1
0,0,2,3.2,3,3,2,1,0,0,46,59518,4,1
1,0,4,3.4,3,2,1,3,0,0,34,23516,3,1
0,0,1,3.2,3,3,1,1,0,0,50,81913,4,0
1,1,3,3.4,3,3,1,3,0,1,32,65223,4,0
1,0,5,3.6,2,2,2,2,0,0,19,8730,4,0
1,1,5,3,3,3,1,1,0,0,31,281366,3,1
1,0,5,3.6,3,3,3,1,0,0,60,248570,4,1
1,1,5,3.6,3,3,3,3,1,1,57,163324,3,0
0,0,1,3.6,1,1,1,1,1,1,58,22851,3,1
1,1,5,4,3,3,3,3,0,1,56,86402,4,1
0,1,4,3.2,3,3,3,3,0,1,47,168343,3,0
1,1,5,3.4,3,3,2,3,0,1,18,43469,3,0
1,1,5,3,3,3,3,1,0,0,22,22725,1,0
1,1,5,3.8,3,3,3,3,0,0,26,16194,3,0
1,1,5,3.6,3,3,3,3,0,1,34,100172,3,0
1,1,4,3.4,3,3,3,3,0,1,91,120286,3,0
0,1,3,3.2,3,3,3,3,0,1,47,25656,3,0
1,0,3,3.4,3,3,3,3,0,0,40,75019,3,1
0,0,2,3.4,3,3,3,2,0,0,80,58837,3,0
1,1,5,3.2,3,3,3,3,1,1,31,276819,3,1
0,0,2,3.2,3,1,3,3,0,0,60,211495,4,0
0,0,1,3.4,2,3,2,1,0,0,56,91781,3,0
0,1,3,3,3,3,2,3,0,1,51,164173,3,0
1,1,2,3.6,3,2,2,3,0,1,90,49387,3,0
1,1,5,3,3,3,3,2,1,0,20,24047,3,1
0,0,1,3.8,2,2,2,2,0,0,28,42555,2,0
1,1,5,3,3,3,3,3,0,0,55,34916,3,1
1,1,5,3,3,3,3,3,0,1,67,93451,3,0
1,0,4,3.4,3,2,1,3,1,1,54,13763,3,1
1,1,5,3.6,3,3,3,3,1,1,58,197915,4,1
0,0,1,3.4,3,3,3,3,0,0,56,19575,3,0
0,0,2,3.2,3,2,3,2,1,1,50,1323,3,1
1,1,5,3,3,3,1,2,1,1,30,289333,3,0
1,1,5,3,3,3,3,3,0,1,56,122593,3,0
1,1,5,3,3,3,3,1,0,1,50,209508,3,0
1,1,5,3.4,3,3,3,3,1,0,57,170979,2,0
0,0,2,3.2,3,3,2,1,0,0,51,186237,3,1
1,1,5,3.2,3,2,3,2,1,0,57,172307,3,0
1,1,5,3,3,3,3,3,0,0,28,36943,3,0
0,0,1,3.6,3,3,3,3,0,0,45,38854,3,0
1,1,4,3.4,3,3,3,2,0,1,52,32624,3,0
1,1,5,3.4,3,3,1,3,0,0,41,62104,2,0
1,1,5,4,3,3,3,3,0,0,40,131718,4,0
1,1,5,3,3,3,3,1,0,1,91,92533,3,1
1,1,5,3.6,3,3,3,1,0,1,58,310526,3,0
1,0,5,4,3,3,3,2,0,0,35,324,2,0
1,1,4,3.2,3,2,3,3,1,1,58,127775,3,0
1,1,5,3.2,3,3,3,1,0,1,95,75078,4,0
0,0,3,3.2,3,3,3,3,0,0,45,147599,2,0
1,0,1,3.2,3,3,1,3,0,1,18,30939,3,1
0,0,2,3.2,3,3,3,3,0,0,39,114343,3,0
1,0,2,3.6,1,1,1,3,1,0,58,64887,3,0
0,0,2,3.6,3,3,2,2,0,0,82,7428,3,1
1,0,3,3.6,3,3,3,3,0,0,63,122173,3,0
0,0,2,3.4,3,3,3,3,0,0,23,42993,4,1
0,0,5,3,3,2,1,1,0,0,40,36383,3,0
1,1,5,3,3,3,3,3,0,0,68,60306,3,1
0,0,1,3.6,2,3,2,3,0,0,76,42423,3,0
0,1,4,3.6,3,3,3,3,0,1,38,3508,3,1
1,1,5,3.6,3,3,3,3,0,0,57,245917,3,0
1,1,5,3.4,3,3,1,1,0,1,50,111861,4,0
1,1,5,3.6,2,3,3,3,1,0,21,18899,4,0
0,0,1,3.6,3,3,3,1,0,0,45,52629,2,0
1,1,5,3.4,3,3,1,3,0,0,89,79555,3,1
1,1,5,3,3,2,2,3,0,1,30,103982,3,1
1,0,5,3,3,3,3,1,0,0,44,81616,4,0
1,1,5,3,3,3,3,3,0,0,55,112117,4,0
0,0,1,3.2,2,3,2,2,0,0,43,111802,4,0
0,1,5,3,3,3,2,3,0,1,48,92802,4,0
0,1,1,3.6,3,3,3,3,1,0,49,38624,3,0
0,0,1,3.6,2,2,2,2,0,0,83,50167,3,0
0,0,4,3,3,3,3,3,0,0,27,45495,3,0
0,1,4,3,3,3,3,2,1,1,59,62038,3,0
1,1,5,3.2,3,3,2,3,1,0,39,240342,4,0
1,1,5,3.4,3,3,1,3,1,1,24,241807,3,1
1,1,5,3.2,3,3,3,3,1,0,32,57398,3,0
1,1,5,3.4,3,3,1,3,1,1,43,54107,3,0
0,1,3,3,3,3,2,3,0,1,39,9518,4,1
0,0,3,3,3,3,2,3,0,0,60,132112,3,1
1,1,5,3,3,3,3,3,0,1,53,116603,4,0
1,1,5,3.4,3,3,1,3,0,0,23,137292,3,1
0,0,3,3.2,3,1,2,3,0,0,30,9474,3,0
1,0,5,3.4,2,2,2,2,0,0,47,45228,3,0
0,0,3,3.2,2,3,2,1,1,0,53,22503,3,0
0,0,3,3,3,3,3,3,0,0,62,153604,4,0
1,1,5,3.6,3,3,3,1,0,0,84,37189,3,0
1,1,5,3,3,3,3,3,0,1,54,141191,3,0
1,1,5,3.2,3,3,3,3,0,1,48,126341,4,0
1,1,4,3.8,3,3,3,3,1,1,56,78580,3,0
1,1,5,3.6,3,3,1,1,0,1,50,34484,3,0
1,1,5,4,3,3,3,3,0,1,49,312054,4,1
1,1,5,3.2,3,3,3,3,1,1,59,141714,3,1
0,0,3,3,3,2,2,1,0,0,47,133081,3,0
1,1,5,3.6,3,3,2,1,0,0,33,69960,3,1
0,1,4,3,3,3,3,1,0,1,45,214672,3,1
0,1,2,3.2,2,3,3,3,0,1,94,33358,2,1
0,1,1,3,3,3,3,3,0,1,33,27679,4,0
0,0,4,3.6,3,3,3,2,0,0,53,130438,3,0
1,1,5,3.8,3,3,3,3,1,0,43,120494,3,0
1,1,5,3.6,3,3,2,3,1,1,31,63136,3,0
0,0,2,3.2,1,3,2,1,0,1,51,111308,4,1
0,0,2,3.2,2,2,2,3,0,0,46,35850,2,1
1,1,5,3.4,3,3,2,3,1,1,39,61127,3,1
1,1,3,4,3,3,3,3,0,1,98,26417,3,1
1,1,5,3.4,3,3,3,2,0,1,23,96489,3,0
0,1,4,3,3,3,3,3,0,0,34,57509,3,0
1,1,5,3.6,3,3,3,3,1,0,26,4235,2,1
0,1,4,3,3,3,3,3,0,1,51,274793,4,0
0,1,5,3,3,3,3,3,0,1,35,91189,3,0
1,0,5,3.4,3,3,1,3,0,1,21,87802,3,1
0,0,3,3,3,3,2,3,0,0,33,236015,3,0
1,1,5,3.6,3,3,3,3,1,1,52,83650,3,0
1,1,5,3,3,3,3,1,1,1,28,3409,3,0
0,1,3,3,3,3,2,1,0,0,38,49082,3,1
1,1,5,3.2,3,3,1,1,0,0,27,71599,4,0
0,1,4,3,3,3,3,3,0,1,58,96786,4,0
0,0,1,3.6,3,3,2,1,0,0,48,148549,4,1
0,0,2,3.6,3,3,3,3,0,1,38,20249,3,0
0,1,4,3.2,3,3,1,3,1,1,49,47935,3,0
1,1,2,3.6,3,3,3,3,0,1,49,162415,4,0
1,0,5,3.8,3,3,1,3,1,1,73,218735,3,1
1,1,5,3.2,3,3,3,3,0,0,40,87085,4,0
0,0,3,3.8,3,3,3,1,0,0,49,250814,3,0
1,1,5,3,3,2,3,3,1,1,21,21406,3,1
1,1,2,3.6,3,3,3,3,0,1,60,124558,3,1
1,0,5,3.2,3,3,3,1,0,0,34,45439,3,1
1,1,5,3.2,3,3,3,3,0,0,40,198047,3,0
1,1,2,3.6,3,3,3,3,0,1,69,329155,3,1
1,1,4,3.2,3,3,3,3,0,1,66,185652,3,0
1,0,5,3,3,3,2,1,0,0,87,175686,4,0
1,1,5,4,3,3,3,3,1,1,50,2060,3,1
0,1,5,3,3,3,1,1,0,1,39,16039,3,1
0,0,1,3.4,3,3,2,1,0,0,58,50211,4,0
0,1,4,3,3,3,3,1,0,1,57,57366,3,1
1,1,5,3.6,3,3,3,2,1,1,96,74843,3,1
0,0,2,3.2,3,3,2,2,0,0,70,85333,3,0
1,1,5,3.2,3,3,2,1,1,1,29,9149,3,1
1,1,5,3,3,3,1,3,1,1,29,29997,3,1
0,0,3,3.2,3,3,3,3,0,0,66,110550,4,0
0,0,2,3.6,3,3,3,1,0,0,31,320582,3,1
1,1,5,3.2,3,3,3,3,1,1,64,129400,3,0
1,1,5,3.4,3,3,3,2,1,1,57,118125,3,0
1,1,5,3,3,3,1,1,0,1,45,195427,4,0
1,1,5,3.4,3,1,1,3,0,0,27,12504,3,0
0,1,3,3.2,3,3,2,3,0,1,94,37451,3,0
0,1,2,3.2,3,3,3,3,0,0,54,112099,2,0
0,0,3,3.2,3,2,2,3,0,0,67,41307,2,0
1,0,4,3.2,3,3,2,1,0,0,55,181740,4,1
0,1,4,3,3,3,3,2,0,0,25,13768,3,0
1,1,5,3,3,3,2,3,1,1,33,268129,3,0
1,1,5,3,3,3,3,3,0,1,31,89850,3,0
1,1,5,3,3,3,3,2,1,1,54,33328,3,1
1,0,5,3.8,3,3,3,1,1,1,74,226644,3,1
0,1,2,3,3,3,3,1,0,0,70,54164,4,1
0,1,4,3.2,3,3,3,1,0,1,95,56748,4,0
1,1,4,3.8,3,3,3,2,1,1,99,37611,3,1
0,1,4,3.2,3,3,2,1,0,1,81,180204,4,1
1,1,5,3.6,3,3,3,1,0,0,46,20480,3,0
1,1,4,3.4,3,2,3,3,0,1,19,55822,3,1
1,1,5,3.2,3,3,3,2,0,1,22,34988,3,1
1,1,5,3.6,3,3,3,3,1,1,98,67115,3,0
1,1,5,3,3,3,2,2,0,0,59,97808,4,1
0,0,2,3.6,3,3,3,3,0,0,25,80260,3,0
0,1,3,3.2,3,3,3,3,0,1,71,181849,3,0
0,1,2,3.4,3,3,2,3,0,0,76,94289,2,1
1,1,5,3.6,3,3,3,3,0,1,81,56025,4,1
0,1,4,3,3,3,2,1,0,0,34,50073,3,1
1,1,5,3.2,3,3,2,3,1,1,36,48113,3,0
0,0,3,3,3,3,3,3,0,0,78,46715,3,1
1,1,5,3.2,3,3,3,3,1,1,34,30800,3,1
1,0,2,3.6,2,3,2,3,0,0,33,27042,3,0
0,1,5,3,3,3,2,3,1,1,34,261042,4,0
1,1,5,3.6,3,3,3,3,0,1,91,342704,2,1
1,1,5,3.4,3,3,3,3,0,1,65,2200,3,0
1,1,5,3.2,3,3,3,1,1,1,47,127248,3,1
1,1,2,3.6,3,3,3,3,1,1,93,102599,3,0
1,1,5,3.8,3,3,3,1,0,1,46,89773,4,0
0,0,2,3,3,3,2,3,0,0,47,121617,3,0
0,0,3,3.2,3,3,2,1,0,0,46,285643,4,0
1,1,5,3.2,3,3,3,3,1,1,57,269305,3,0
1,1,5,3.6,3,2,2,1,1,1,92,279954,2,0
1,1,5,3,3,3,3,3,1,1,62,62896,2,0
1,0,5,3,3,3,2,2,0,0,38,64357,2,1
1,0,5,3,3,3,3,3,1,0,96,61729,4,0
1,1,5,3,3,3,2,3,0,1,69,118495,4,0
1,0,5,3.2,2,2,2,2,0,0,59,35296,4,0
1,0,5,3,3,3,3,1,0,0,49,93569,3,0
0,0,2,3.2,3,3,3,3,0,0,68,194174,3,0
1,1,5,3,3,3,3,1,0,1,52,57365,3,1
1,1,5,3.2,3,3,3,3,0,1,66,48776,3,1
1,1,5,3.4,3,3,1,3,0,0,29,1532,3,1
1,1,5,3,3,3,1,3,1,0,47,49616,3,0
1,1,5,3,3,3,3,3,1,1,56,318202,4,0
0,1,4,3.2,3,3,2,1,0,1,83,18656,3,1
1,1,5,3.4,3,3,1,3,1,1,19,53333,3,1
0,0,4,3.2,3,2,1,3,0,1,33,40637,3,1
1,1,5,3.4,3,3,3,1,0,1,47,224868,3,1
0,0,1,3.2,3,3,2,1,0,0,60,224712,2,0
0,0,2,3.6,3,3,3,3,0,0,49,79318,3,0
1,1,4,4,3,3,3,3,0,1,39,8509,3,1
1,1,5,3,3,3,1,1,1,1,28,62520,3,0
0,0,2,3.4,2,2,2,2,0,0,23,91144,3,1
1,1,5,3.2,3,1,1,3,1,1,21,90468,3,0
1,1,5,3.6,3,3,3,3,1,1,64,86256,3,0
1,1,5,3.4,3,3,1,3,1,0,28,25136,4,1
0,0,1,3.2,2,2,2,2,0,0,68,238345,3,0
1,1,5,3.6,3,3,3,1,0,1,27,107418,3,0
1,1,5,3,3,3,3,3,0,0,39,772,4,1
1,0,1,4,2,3,3,3,0,0,24,41513,3,0
1,1,5,3.2,3,3,3,3,0,1,58,96474,3,0
1,1,5,4,3,3,3,3,0,1,21,78687,3,1
1,1,4,3.6,3,3,3,2,1,1,97,85175,4,0
1,1,5,3.2,3,3,3,1,0,1,81,117223,3,0
0,1,2,3.6,3,3,3,1,0,1,70,74050,4,0
1,0,3,3.4,3,3,3,3,1,0,98,240970,4,0
1,1,5,3.6,3,3,3,3,1,1,43,55432,3,0
1,1,5,3.6,3,3,3,3,1,0,26,41999,2,0
1,1,5,3.2,3,3,3,1,0,1,30,96372,2,1
1,0,4,3.4,3,3,3,3,0,0,26,307981,2,1
0,1,2,3.6,3,3,3,3,0,1,39,121108,3,0
0,1,4,3,3,3,3,3,0,0,35,70368,3,0
0,1,4,3,3,3,3,1,0,1,53,7074,3,0
1,1,5,3.2,3,3,3,1,0,0,43,122515,3,1
0,1,2,3.2,3,3,3,1,0,1,93,122992,4,0
1,0,5,3.2,3,3,3,2,1,0,84,76077,3,0
0,0,2,3.6,3,3,2,1,0,0,84,73286,4,0
1,1,5,3.2,3,3,3,3,1,1,46,109505,3,1
0,0,3,3.2,3,3,3,2,0,0,93,122614,3,1
1,1,5,3,3,3,3,3,0,1,77,69996,4,0
1,0,3,3.4,3,3,2,2,0,0,89,47254,3,0
1,1,5,4,3,3,3,3,0,0,34,97090,2,1
0,0,3,3,3,3,3,1,0,0,52,27298,4,1
1,1,5,3.8,3,3,3,3,1,0,60,306326,3,0
1,1,5,3.6,3,3,3,3,0,1,37,131011,3,1
0,1,4,3.4,3,3,3,3,1,1,48,41374,3,0
1,1,5,3.4,3,3,1,3,1,1,22,45634,3,0
0,1,2,3.2,3,3,2,3,0,0,76,122306,4,0
1,1,4,3.2,3,3,3,1,0,0,46,347398,4,1
0,0,2,3.4,2,2,2,2,0,0,23,165044,3,0
0,1,3,3.2,3,3,3,3,0,0,55,115748,4,0
0,1,3,3.4,3,3,3,3,0,1,63,116853,3,1
1,1,5,3,3,3,3,3,1,1,74,46509,3,0
0,0,3,3,1,3,2,3,1,0,28,32075,3,0
0,0,3,3.2,3,3,2,1,0,0,66,27530,3,0
1,1,5,3.2,3,3,3,1,0,1,69,37244,4,0
0,1,3,3.2,3,3,3,3,0,1,58,295222,4,1
0,0,4,3.2,3,2,2,2,0,0,89,145996,4,1
1,1,5,3.6,3,1,1,1,1,1,72,22180,3,0
1,1,5,3.6,3,3,3,1,0,0,26,10434,4,0
1,1,5,3,3,3,3,1,0,1,82,66889,3,0
1,1,5,3.4,3,3,3,1,1,1,48,51258,3,0
1,1,5,3.2,3,3,3,1,0,0,27,5442,3,1
1,1,5,3.2,3,3,3,3,1,1,42,116408,4,0
1,0,5,3.4,3,3,3,3,1,0,80,36017,3,0
0,0,2,3.2,3,3,3,1,0,0,41,63296,4,1
1,0,5,3.4,3,3,3,3,1,0,96,67739,3,0
0,0,1,3.4,2,3,2,2,0,0,62,116177,3,0
0,0,2,3.2,3,3,3,3,0,0,63,87770,3,0
1,1,5,3.2,3,3,3,3,0,0,70,337620,4,1
1,1,5,3.6,3,3,3,3,0,1,43,308195,4,0
1,0,5,3.6,3,3,3,3,0,0,36,236629,3,0
0,1,3,3.4,3,3,3,1,0,0,61,218851,3,0
1,1,5,3,3,3,3,1,1,1,61,50959,4,0
1,1,5,3,3,3,2,3,0,1,49,57683,3,1
1,1,5,3.6,2,2,2,2,1,1,40,51323,3,1
1,0,4,3,3,3,2,3,0,1,83,91129,3,0
0,0,3,3.2,3,3,3,3,0,0,42,34651,3,1
0,1,3,3,3,3,2,3,0,1,43,61322,3,0
0,0,3,4,3,3,3,3,0,0,97,75153,4,0
0,0,4,3,3,3,2,1,0,0,54,80719,4,1
0,0,1,3.6,3,3,2,1,0,0,76,25278,3,0
0,0,4,3,3,3,3,2,0,0,90,148710,4,0
0,1,2,3.2,3,3,3,2,1,1,60,150792,3,0
1,1,5,3.4,3,3,2,2,1,1,56,83020,4,0
1,1,5,3,3,3,3,3,0,0,23,308420,3,1
0,0,2,3.4,3,2,2,3,0,0,59,3263,3,0
1,1,5,4,3,3,3,3,0,0,28,296562,3,0
1,1,5,3,2,3,3,1,0,1,46,88227,3,1
0,0,1,3.6,2,2,2,2,0,0,79,1356,3,0
0,1,3,3.4,3,3,3,3,0,1,96,305633,2,0
1,1,5,3.2,3,3,3,3,0,1,55,182747,3,1
0,0,3,3.2,3,3,3,3,0,0,75,55951,4,0
1,0,2,3.6,2,3,1,1,0,0,23,5632,3,0
1,1,5,3.8,3,3,3,3,0,0,43,45403,2,1
1,1,5,3.4,3,3,3,3,1,0,39,147498,4,1
0,0,1,3.4,3,3,3,3,0,0,44,89466,3,1
1,1,5,3.6,3,3,2,1,1,1,50,85599,3,0
1,0,5,3,3,3,1,2,0,0,43,270823,4,1
1,1,5,3,3,3,2,1,0,1,78,39135,3,1
1,1,5,3.4,3,3,2,3,1,1,42,34417,4,0
1,1,5,4,3,3,3,3,1,1,22,47218,4,0
1,1,5,3.2,3,3,1,3,1,0,42,82612,4,0
0,0,4,3.2,3,3,3,1,0,1,62,120830,3,0
1,1,5,3.2,3,3,1,3,0,0,38,92698,3,0
1,1,5,3,3,3,3,3,0,1,45,136107,4,0
1,1,5,3.6,3,3,3,3,1,1,41,97551,1,1
0,1,3,3,3,3,2,1,0,0,57,63364,4,0
0,0,2,3.2,3,3,3,3,0,0,52,40481,4,0
1,1,5,3.2,3,3,3,3,1,1,89,92772,3,0
0,1,4,3,3,3,3,3,0,0,62,76994,3,0
1,0,2,3.2,3,3,3,3,0,0,60,71462,3,0
0,1,3,3,3,3,2,1,0,0,60,147719,3,0
0,1,3,3,3,3,3,2,1,1,83,10356,3,0
1,1,3,3.4,3,3,1,3,0,0,33,65714,4,0
1,1,5,3.2,3,3,3,1,0,0,73,342430,4,1
1,1,5,3.6,3,3,3,3,0,1,25,74217,3,1
1,1,4,3,3,3,3,1,1,1,90,118985,3,0
1,1,5,4,3,3,3,3,1,0,28,28176,3,0
0,1,3,3.4,3,3,3,3,0,1,77,73420,4,0
1,1,5,3.8,3,3,3,3,0,0,74,278409,3,1
1,1,5,3.2,3,3,3,3,0,1,82,80832,3,0
1,1,5,3.4,3,3,3,3,0,1,41,6989,3,0
1,1,4,3.2,3,3,3,3,0,1,64,231504,3,0
1,1,5,3.6,3,3,3,3,0,1,85,24982,3,0
1,1,5,3.2,3,3,1,3,0,1,36,31033,3,0
0,1,3,3.2,3,3,3,3,0,1,100,39559,3,0
0,1,2,3.2,3,3,3,1,1,1,35,145474,3,1
1,1,5,3,3,3,3,3,1,0,40,76233,3,0
0,1,4,3.2,3,3,3,1,0,1,31,112366,3,0
1,1,5,3.4,3,3,3,3,0,1,46,40035,4,0
1,1,5,4,3,3,3,1,0,1,48,81502,3,0
0,0,3,3,3,3,2,1,0,0,44,81368,3,0
0,1,1,3.2,2,2,3,1,0,1,30,295917,4,0
0,1,4,3,3,3,3,3,0,0,34,87723,3,0
1,0,2,4,3,3,2,3,0,0,61,243,3,0
1,1,5,3.2,3,3,1,3,1,0,37,288644,3,0
1,1,5,3.2,3,3,3,1,0,1,48,240228,3,1
1,1,5,3.2,3,3,3,3,1,1,79,112343,3,1
0,1,3,3,3,3,1,1,0,1,68,49198,3,1
1,1,5,3.6,3,3,2,3,1,1,31,74064,3,1
1,1,5,3.2,3,3,3,3,0,0,41,265142,3,0
1,1,5,3.4,3,3,3,3,1,1,60,81790,4,0
1,0,5,3,3,3,3,3,0,1,43,93935,2,0
0,1,4,3,3,3,3,3,0,0,91,35481,4,1
1,1,5,3,3,3,3,3,0,1,76,41275,4,1
1,1,5,3,3,3,1,1,0,1,34,37848,3,0
0,0,1,3.6,3,3,2,1,0,0,62,66458,3,0
1,1,5,3.6,3,3,2,1,1,1,86,16585,3,0
0,1,3,3,3,3,3,3,0,1,75,72899,4,1
0,1,4,3,3,3,2,3,0,1,90,115293,4,1
1,1,5,3.4,3,3,3,2,0,1,74,79579,3,0
0,1,5,3,3,3,3,3,0,1,75,65075,4,1
1,0,5,3.8,2,2,2,2,1,0,60,64284,3,0
1,1,5,3.4,3,3,3,1,0,1,31,70593,3,1
1,1,5,3.2,3,3,3,3,0,0,28,24090,3,0
1,1,5,3,3,3,2,1,0,1,47,140196,3,0
1,1,5,4,3,3,2,1,0,0,29,27425,3,1
1,1,5,3,3,3,3,3,0,0,50,37042,3,0
1,1,5,3.4,3,3,1,3,0,0,77,207391,4,0
1,1,2,3.6,3,3,3,3,0,1,50,11371,3,1
1,0,5,3.6,3,3,1,1,0,1,41,38415,3,0
1,1,5,3.4,3,3,3,3,0,1,81,60575,3,0
1,1,5,3.4,3,3,3,3,0,0,36,111430,4,0
1,1,5,3.2,3,3,3,3,0,0,51,91827,4,1
0,0,2,3.2,3,3,3,1,0,0,39,211807,3,0
1,0,5,3.6,3,3,3,3,0,1,47,312553,3,0
1,1,5,3.2,3,3,3,3,1,0,26,89200,2,1
0,1,4,3.4,3,3,3,1,0,1,86,2898,4,0
1,1,5,3.6,3,3,3,3,1,1,55,113588,4,0
0,0,1,3.6,2,3,2,1,0,0,81,38736,2,0
1,1,3,3.6,3,3,3,3,0,1,98,128187,3,1
1,0,5,3.2,3,3,1,1,0,0,42,43207,3,0
1,1,5,3,3,3,3,1,1,0,90,49834,3,0
1,1,5,3,3,3,3,3,0,1,99,34676,3,0
0,0,1,3.6,2,3,2,1,0,0,71,177864,3,0
1,1,5,3.6,3,3,3,3,1,1,52,93299,3,1
1,1,4,3,3,3,3,3,0,1,52,54740,2,1
0,0,2,3.6,3,3,3,2,0,0,94,87540,3,1
0,0,2,3.6,3,3,3,1,0,0,56,72621,3,0
1,0,4,3.2,3,3,3,1,0,0,41,133689,3,0
0,0,2,3.2,3,3,3,1,0,0,52,36843,3,0
1,1,5,3.2,3,3,3,3,0,1,37,27430,4,1
0,0,1,3.6,2,3,2,3,0,0,48,190438,4,0
1,1,5,3.2,3,3,1,3,0,1,35,43289,3,0
0,0,2,3.2,3,3,3,3,0,0,95,38300,3,1
1,1,5,3,3,3,2,1,0,1,60,57152,2,1
1,1,5,3.4,3,3,3,1,0,1,51,50611,3,0
1,0,5,3.4,3,3,3,3,0,0,100,142223,4,1
1,1,3,3.6,3,3,3,3,0,1,92,300183,3,0
1,1,5,3.4,3,3,3,2,0,1,33,90347,3,0
1,1,5,3,3,3,3,2,0,1,55,107493,3,0
1,1,3,3.4,3,3,2,3,1,0,43,147351,3,0
1,1,5,3.2,3,3,3,3,0,1,41,106305,4,1
1,0,2,3.6,3,3,3,3,0,0,37,84085,3,1
0,1,4,3.8,3,3,3,3,0,0,59,113175,3,0
1,1,5,3.2,3,3,1,3,1,1,21,14262,3,0
1,1,5,3.6,3,2,2,3,1,1,42,24395,4,0
0,1,3,3,3,3,3,3,0,1,38,143755,3,0
1,1,5,3,3,3,3,3,0,1,88,83826,3,0
0,0,1,3.6,3,3,3,1,0,0,37,284665,3,0
1,1,5,3.6,3,3,1,1,1,1,47,67325,4,0
1,1,5,3.6,3,3,3,3,1,1,50,12042,4,0
1,1,5,3.4,3,3,1,3,1,1,43,29532,3,1
0,0,1,3.6,3,3,2,1,0,1,60,78052,3,1
0,0,3,3.4,3,3,2,3,0,0,99,142048,4,1
0,0,4,3,3,3,1,1,0,0,42,31738,4,0
0,0,3,3,3,3,2,3,1,0,56,38820,3,0
0,0,3,3,2,2,2,2,0,0,22,108749,4,0
0,0,4,3,3,3,2,1,0,0,99,13087,3,1
0,0,2,3.4,3,3,3,2,0,0,21,29097,4,0
1,1,4,3.4,3,3,2,1,0,1,53,157072,4,0
1,1,5,3.4,3,3,3,3,0,0,49,90787,3,1
1,1,5,3.4,3,3,3,3,0,1,46,50931,3,1
0,0,2,3.2,3,3,3,3,0,0,49,28134,3,0
1,1,5,3.2,3,3,3,3,0,1,56,34868,3,0
1,1,5,3.2,3,3,3,3,0,1,42,34146,3,1
0,0,2,3.6,3,3,2,1,0,0,84,50887,3,1
1,1,5,3.8,3,3,3,3,1,1,27,20258,3,1
1,1,5,3,3,3,3,3,0,1,59,66609,3,0
1,1,2,3.6,3,3,3,1,0,1,58,124061,3,0
1,1,5,3.8,3,3,3,3,1,1,52,42628,3,0
1,1,5,3.4,3,3,3,3,1,1,18,97591,3,1
1,1,5,3.8,3,3,3,3,0,0,54,338078,3,1
0,0,1,3.25,3,3,1,3,0,0,68,66754,4,1
1,0,3,4,3,3,2,3,0,0,94,17330,3,0
0,0,3,3,3,3,1,1,0,1,30,48485,3,0
1,1,5,3,3,3,3,3,1,1,65,60779,4,1
1,1,5,3.6,3,3,3,1,0,1,58,188284,3,0
1,1,5,3.2,3,3,1,3,1,1,43,38764,3,0
1,1,5,3.4,3,3,1,3,1,1,55,7058,2,1
1,1,5,3.8,3,3,3,3,0,0,59,226923,4,1
1,1,5,3.4,3,3,3,3,0,1,57,346049,4,1
0,1,4,3.2,3,3,1,1,0,1,50,640,3,0
1,1,5,3.4,3,3,1,3,1,1,60,55908,3,0
0,0,2,3.4,3,3,3,3,0,0,47,12720,3,1
1,1,5,3.4,3,3,3,3,0,0,72,213024,3,1
1,1,5,3.4,3,3,3,1,1,1,20,178504,4,1
0,0,1,3.6,3,3,2,3,0,0,49,42703,3,1
0,1,1,3.6,3,1,3,3,1,0,22,44389,3,0
0,0,2,3.2,3,3,2,3,0,0,81,33068,3,1
1,1,5,3.2,3,3,1,3,0,1,33,14176,2,0
0,0,2,3.2,3,3,2,3,0,0,63,80402,3,0
1,1,5,3.8,2,2,2,2,0,0,53,172777,3,0
1,1,5,3,3,3,3,3,0,0,50,32727,3,0
0,1,3,3.2,3,3,2,3,1,1,30,70440,4,0
1,1,5,3.6,3,3,1,3,0,1,18,98299,3,0
0,0,1,3.6,3,3,3,3,0,0,59,51130,3,1
1,1,5,3.4,3,3,2,2,0,0,19,16791,3,1
1,1,5,3.2,3,3,3,3,0,1,57,78658,3,1
1,1,5,3,3,3,3,3,0,1,43,86803,3,0
0,0,1,3.4,3,3,3,3,0,0,33,37866,3,0
0,0,1,3.6,2,2,2,2,0,0,78,180919,4,1
1,1,5,3.2,3,3,1,3,1,1,41,318977,4,1
1,1,5,3.8,3,3,3,1,0,0,61,51113,3,1
1,1,5,3.4,3,3,3,2,0,1,79,76147,3,0
1,0,5,3,3,3,2,1,0,0,35,77073,3,0
1,0,5,3.8,3,3,3,1,0,0,23,35876,3,0
1,1,5,3.8,3,3,3,3,0,1,41,219814,3,1
1,0,5,3,1,3,3,2,1,0,21,28052,4,1
1,1,5,3.2,3,3,1,3,1,1,34,110990,3,1
1,1,5,3.2,3,3,1,1,1,1,35,125926,4,1
0,0,1,3.6,1,1,2,1,0,0,69,77070,3,1
0,0,1,3.6,1,1,2,1,0,0,71,86617,4,0
1,0,5,3,3,3,3,1,0,0,60,230349,3,1
0,0,1,3.6,2,3,2,1,0,0,60,119886,4,0
1,1,5,3,3,3,1,3,0,1,38,43494,3,1
0,0,3,3.2,3,3,3,1,0,0,35,236631,4,1
1,1,5,3.2,3,3,3,1,1,0,42,235047,3,0
0,0,1,3.6,3,3,3,1,0,1,59,221500,4,1
1,1,5,3.4,3,3,1,3,0,1,33,318322,4,1
0,1,3,3,3,3,2,3,0,1,78,333328,4,1
0,1,4,3,3,3,3,1,0,0,76,324078,4,1
0,1,2,3.4,3,3,2,1,0,0,93,90593,3,0
1,1,5,3.4,3,1,1,3,0,0,26,38664,3,0
0,0,4,3,3,3,1,3,0,0,22,116306,2,0
0,0,4,3.4,3,3,2,1,0,0,31,310432,3,0
1,1,5,3.4,3,3,3,3,1,1,53,10481,3,0
1,1,5,4,3,3,3,3,0,1,29,26768,3,0
0,0,1,3.6,2,3,3,2,0,0,20,161790,3,0
0,1,4,3,3,3,3,1,0,1,49,72457,3,1
0,1,3,3,3,3,3,2,0,1,60,23793,3,1
0,0,5,3,3,3,2,1,0,1,22,39023,3,0
1,1,5,3,3,3,2,2,0,1,25,217487,3,0
1,1,5,3,3,3,3,2,1,0,44,20447,4,0
0,0,2,3.2,3,3,2,1,0,0,29,16565,2,0
0,0,4,3,3,3,3,1,0,0,20,21457,3,0
1,1,5,3.2,3,3,1,3,1,1,58,147417,3,1
1,1,5,3.6,3,3,3,3,0,1,49,36061,3,0
1,1,5,3.6,3,3,3,3,0,1,47,115262,4,0
1,1,5,3.2,3,3,1,3,1,1,38,152906,4,0
0,0,1,3.4,3,3,3,2,0,0,52,31697,3,0
0,1,1,3.6,3,3,3,3,0,1,80,45663,4,0
1,0,5,3.6,3,3,3,3,0,0,22,126380,3,0
1,1,5,3,3,3,3,3,0,1,98,238712,3,0
1,1,4,3.2,3,3,1,1,0,1,28,65421,3,0
0,1,5,3,3,3,3,3,0,0,42,88057,4,0
1,1,5,3.8,3,3,3,3,1,0,23,218878,1,1
1,1,5,3.6,3,2,3,3,0,1,39,55995,3,1
0,0,1,3.2,2,3,3,3,0,0,29,111857,3,0
1,1,5,3.4,3,3,3,1,0,1,23,240558,4,0
0,0,3,3,3,3,3,3,0,0,29,89674,3,0
1,1,5,3,3,3,3,1,0,0,23,303965,3,0
1,1,5,3.6,3,3,3,2,0,0,23,40877,3,0
1,1,5,3.8,3,1,1,1,0,1,19,6913,3,1
1,1,5,3.4,3,3,3,1,0,0,36,110147,4,0
1,1,5,3.2,3,3,3,3,0,0,28,172299,3,0
1,1,5,3.6,3,3,3,3,1,1,31,88583,3,1
1,1,5,3.4,3,3,3,3,1,0,49,86070,4,0
0,0,3,3,3,3,3,3,0,1,90,20317,4,0
1,1,5,3,3,3,3,2,0,0,21,27223,3,0
0,1,3,3.6,2,3,2,3,0,1,98,95898,2,0
1,1,5,3.8,3,3,1,3,1,1,28,180590,3,0
1,1,5,3.2,3,3,1,3,0,1,48,151400,4,0
1,1,5,3.2,3,3,3,3,0,0,41,82013,3,0
1,0,5,3,3,3,2,1,0,1,50,343793,4,1
1,1,5,3.4,3,3,3,3,0,0,19,7064,3,0
1,1,5,4,3,3,3,1,1,1,31,95717,3,0
1,1,5,3.6,3,3,3,3,1,0,43,128155,4,1
1,0,3,3.6,3,3,3,1,1,1,85,37886,3,0
1,0,5,3.2,3,3,3,1,0,0,55,68438,3,0
0,1,3,3.2,3,3,2,1,0,1,48,150379,3,0
1,1,5,3,3,3,3,1,0,1,52,181385,4,0
1,1,3,3.4,3,3,3,3,0,1,51,131176,3,0
1,1,5,3,3,3,3,1,0,1,37,42220,3,0
0,0,2,3.2,2,3,2,1,0,0,52,119401,4,1
0,0,5,3.2,3,3,3,1,0,0,21,105670,2,1
0,0,5,3,2,2,1,1,0,1,53,81930,4,0
1,1,5,3.4,3,3,1,1,0,0,39,166551,4,0
1,0,4,3.4,2,2,2,2,0,0,19,32972,3,0
1,0,5,4,3,3,3,1,0,1,18,48781,3,0
1,0,5,4,3,2,3,1,0,0,45,260504,3,0
1,1,5,3.2,3,3,3,3,0,1,66,30737,3,0
1,1,5,3.6,3,3,2,3,1,1,49,99653,3,0
1,1,5,3.6,3,3,3,2,1,1,88,36066,3,0
1,1,5,3,3,3,2,3,0,1,83,88645,4,0
1,1,5,3.4,3,3,3,1,0,1,24,172951,3,1
0,0,3,3,3,3,3,1,0,0,60,82474,3,0
1,1,5,3.4,3,3,3,1,0,1,29,97472,3,0
1,1,5,3.4,3,3,2,2,0,1,34,50685,4,0
0,0,1,3.2,3,3,2,3,1,0,72,23472,4,1
0,0,2,3.6,2,2,2,2,0,0,57,296073,4,1
1,1,5,3,3,3,3,3,0,1,52,340839,4,0
1,1,5,3.2,3,3,3,1,0,1,54,34198,3,0
1,1,5,3.4,3,3,1,3,1,1,35,92687,4,0
0,0,2,3.4,3,3,3,1,0,0,39,12024,3,0
1,0,5,3.4,3,3,2,3,0,0,31,90712,3,1
0,0,4,3,3,3,3,1,0,0,20,107799,3,0
1,1,5,3.4,3,3,3,3,0,1,90,87596,4,1
0,0,3,3,2,2,2,3,0,0,48,9541,3,1
0,0,1,3.6,2,3,2,2,0,0,50,85974,4,1
0,0,3,3,3,3,3,1,0,0,97,70993,4,0
1,1,5,3.4,3,3,3,3,0,0,30,40885,2,1
1,1,4,3.8,3,3,3,2,0,1,75,28784,3,1
0,1,2,3.2,3,3,3,1,0,0,91,42089,3,0
0,0,2,3.2,3,3,1,1,0,0,76,51637,4,0
0,0,2,3.2,3,3,2,2,0,0,49,51351,3,1
1,1,5,3,3,3,3,3,0,1,28,18209,3,0
0,1,4,3,3,3,3,3,1,1,54,223892,3,1
0,0,2,3.4,3,3,2,1,0,0,41,31682,4,1
1,1,5,3.2,2,3,2,1,0,0,65,46497,3,0
1,1,5,3.4,3,3,1,1,0,1,28,113534,4,0
0,1,4,3,3,3,3,3,0,0,47,296133,3,1
1,1,5,3.4,3,3,1,3,1,0,22,63749,4,1
0,1,4,3.4,3,3,2,3,0,0,31,277242,3,1
0,0,1,3.2,3,1,3,1,0,0,84,339026,4,1
0,0,2,3.2,3,3,3,2,0,0,84,117156,4,0
0,1,4,3,3,3,3,2,0,0,53,157331,3,0
0,0,1,4,2,2,2,2,0,0,28,57841,4,0
0,1,2,3.2,3,3,3,3,1,0,45,97082,4,1
1,1,5,3.4,3,3,1,3,0,1,20,81620,3,0
0,0,1,3.6,3,3,2,1,0,0,47,148188,3,1
1,1,5,3.4,3,3,3,1,0,1,53,238748,3,1
1,1,4,3,3,3,1,3,0,1,58,325636,4,1
1,1,5,3.2,3,3,2,2,0,1,21,72857,3,0
1,1,5,3.6,3,3,1,3,0,0,23,84549,3,0
0,0,1,3.6,2,2,2,2,0,0,59,89225,2,0
0,0,3,3,2,2,2,2,0,1,29,36117,4,1
1,1,5,4,3,2,3,1,0,0,24,19772,4,0
1,1,5,3.2,3,3,3,1,0,1,37,100163,3,1
1,1,5,3,3,3,3,1,0,1,47,103114,4,0
1,0,5,3.6,3,3,3,3,0,0,60,186295,3,0
0,0,3,3.2,3,3,3,3,0,1,20,47945,3,0
1,1,5,3.2,3,3,3,1,1,1,59,147497,4,0
1,1,5,3,3,3,1,3,1,1,18,80500,3,1
1,1,5,3.4,3,3,2,3,0,1,37,69079,3,0
0,0,1,3.6,2,2,2,3,1,1,24,32864,3,0
1,1,5,3,3,3,3,1,0,0,60,36944,3,1
1,0,1,3.8,3,3,3,3,0,0,46,142273,3,0
1,1,5,3.2,3,3,2,3,0,1,38,98240,4,0
1,0,3,4,3,3,3,1,1,0,81,95107,4,0
0,0,2,3.2,3,1,1,3,0,0,24,97818,4,0
1,1,5,3,3,3,3,1,0,1,59,9413,4,1
0,0,1,3.6,3,1,3,3,0,0,60,91881,4,1
0,0,3,3,3,3,3,3,0,1,45,346761,4,1
1,1,4,3.6,3,3,2,1,1,1,77,69668,3,0
1,0,5,3.2,3,3,3,3,0,0,51,62173,2,0
1,1,3,3.4,3,3,2,3,0,1,74,189657,4,0
1,1,5,4,3,3,3,3,0,1,43,65402,4,0
1,1,5,3.4,3,3,3,2,1,1,24,15012,3,0
1,1,5,3.2,3,3,3,3,0,1,69,67052,3,0
0,1,3,3,3,3,3,3,0,0,49,145989,4,1
1,0,5,3.2,3,3,3,1,0,0,31,88133,4,1
0,0,2,3.4,3,3,2,3,0,0,54,2853,3,0
1,0,2,3.8,3,3,3,3,0,0,29,31843,3,0
1,0,4,3.2,3,3,3,1,0,0,23,89830,3,1
0,1,4,3,3,3,1,1,0,0,22,41112,4,1
0,0,3,3.8,3,3,2,1,1,0,95,312602,3,1
1,0,4,3.6,3,3,3,1,0,0,51,141404,4,1
1,1,5,3.4,3,3,3,3,0,1,34,58877,3,0
1,1,5,4,3,3,3,3,0,0,27,292062,3,1
0,0,3,3.2,3,3,3,3,1,0,32,335103,4,0
0,1,4,3,3,3,2,3,0,1,50,35453,3,1
1,1,5,4,3,3,3,3,1,1,82,48515,3,0
0,1,3,3.4,3,3,3,1,1,1,79,196168,2,0
1,1,5,3,3,3,3,3,0,1,37,131222,3,1
1,0,2,3.6,3,3,3,3,0,1,95,4374,3,0
1,1,5,3.4,3,3,3,3,1,1,56,92838,4,0
0,0,2,3.6,2,2,2,2,0,0,53,13428,2,1
1,0,4,3.6,3,3,3,2,0,1,95,98993,3,0
0,1,2,3.2,3,3,2,1,0,1,59,2357,3,0
1,1,5,3.2,3,3,3,3,0,0,55,24738,3,0
1,1,5,3,3,3,3,3,0,1,21,18183,3,0
1,1,5,3,3,3,1,1,0,1,32,61639,3,0
1,1,5,3,3,3,3,3,0,1,58,135880,3,0
0,0,4,3.8,3,3,1,3,0,0,91,93197,4,0
